.,integer,0.0545,ut,0.0382,nulla,0.0309,sed,0.0855,vestibulum,0.0345,suspendisse,0.0364,vivamus,0.0200,donec,0.0673,duis,0.0309,cras,0.0291,morbi,0.0400,phasellus,0.0382,fusce,0.0473,aliquam,0.0291,etiam,0.0255,nullam,0.0436,mauris,0.0345,quisque,0.0382,nam,0.0327,curabitur,0.0364,proin,0.0291,praesent,0.0309,pellentesque,0.0309,maecenas,0.0218,aenean,0.0309,nunc,0.0164,in,0.0291,class,0.0109,interdum,0.0018,lorem,0.0036,orci,0.0018
integer,viverra,0.0333,libero,0.0333,molestie,0.0333,porta,0.0333,felis,0.0333,blandit,0.0333,eget,0.0667,sagittis,0.0333,ullamcorper,0.0333,nec,0.1333,risus,0.0333,maximus,0.0333,non,0.0667,sollicitudin,0.0333,condimentum,0.0333,urna,0.0333,id,0.0333,vitae,0.0333,auctor,0.0667,in,0.0667,scelerisque,0.0333,vel,0.0333,ac,0.0333
viverra,orci,0.0769,risus,0.0769,nibh,0.0769,viverra,0.0769,dictum,0.0769,porttitor,0.0769,.,0.0769,libero,0.0769,magna,0.0769,ullamcorper,0.0769,consectetur,0.0769,at,0.0769,tellus,0.0769
orci,in,0.0588,sodales,0.0294,non,0.0294,eget,0.0294,odio,0.0294,sit,0.0294,lorem,0.0294,ac,0.0588,maximus,0.0294,et,0.0294,vestibulum,0.0294,commodo,0.0294,vehicula,0.0294,pretium,0.0294,ligula,0.0294,vel,0.0294,gravida,0.0294,luctus,0.0588,nibh,0.0294,molestie,0.0294,.,0.1176,quis,0.0294,at,0.0294,varius,0.0294,tempus,0.0294,a,0.0294,id,0.0588
in,felis,0.0135,tortor,0.0135,lacinia,0.0270,posuere,0.0270,dapibus,0.0270,fringilla,0.0270,dictum,0.0135,dignissim,0.0135,placerat,0.0270,eget,0.0270,mollis,0.0270,aliquam,0.0270,pharetra,0.0135,nisl,0.0135,tristique,0.0135,turpis,0.0135,tincidunt,0.0135,lacus,0.0135,pulvinar,0.0270,pellentesque,0.0135,risus,0.0135,pretium,0.0270,laoreet,0.0270,a,0.0135,eu,0.0270,leo,0.0135,blandit,0.0135,iaculis,0.0135,consectetur,0.0135,tempor,0.0135,efficitur,0.0270,velit,0.0270,lorem,0.0270,faucibus,0.0405,congue,0.0135,hac,0.0405,elit,0.0135,sem,0.0135,massa,0.0135,auctor,0.0135,diam,0.0135,scelerisque,0.0135,quis,0.0405,sed,0.0135,semper,0.0135,est,0.0135,sodales,0.0135,metus,0.0405,rutrum,0.0135,consequat,0.0135,lobortis,0.0135
felis,maximus,0.0370,et,0.0370,vitae,0.0741,turpis,0.0370,ut,0.0741,lectus,0.0741,fringilla,0.0370,in,0.0741,ornare,0.0370,a,0.1111,.,0.1111,metus,0.0370,sagittis,0.0370,tortor,0.0370,scelerisque,0.0370,faucibus,0.0370,id,0.0370,at,0.0370,non,0.0370
maximus,vulputate,0.0385,.,0.0769,turpis,0.0385,massa,0.0385,eget,0.0385,purus,0.0385,molestie,0.0385,pellentesque,0.0385,dui,0.0385,vitae,0.0385,odio,0.0385,metus,0.0385,sed,0.0385,tempor,0.0385,lacus,0.0385,fermentum,0.0385,enim,0.0769,ultricies,0.0385,nisl,0.0385,neque,0.0385,risus,0.0385,erat,0.0385,cursus,0.0385,nisi,0.0385
vulputate,fermentum,0.0370,dolor,0.0370,ut,0.0370,odio,0.0370,tristique,0.0370,nec,0.0370,feugiat,0.0741,iaculis,0.0370,velit,0.0370,.,0.0370,purus,0.0370,arcu,0.0370,orci,0.0741,elit,0.0370,libero,0.0370,quam,0.0370,urna,0.0370,enim,0.0370,vehicula,0.0370,ac,0.0370,nunc,0.0370,non,0.0370,eros,0.0370,pharetra,0.0370,justo,0.0370
fermentum,turpis,0.0435,hendrerit,0.0435,eget,0.0435,ipsum,0.0435,felis,0.0870,vitae,0.0435,.,0.1304,libero,0.0435,ac,0.0435,orci,0.0435,enim,0.0435,leo,0.0435,purus,0.0435,pretium,0.0435,arcu,0.0435,vehicula,0.0435,venenatis,0.0435,a,0.0435,lacus,0.0435,pulvinar,0.0435
turpis,bibendum,0.0741,congue,0.0370,semper,0.0370,gravida,0.0370,egestas,0.1111,vitae,0.0741,.,0.1111,blandit,0.0370,convallis,0.0370,at,0.0370,sodales,0.0370,ullamcorper,0.0370,dignissim,0.0370,a,0.0370,tellus,0.0370,volutpat,0.0370,consequat,0.0370,mi,0.0370,nec,0.0370,velit,0.0370,ultrices,0.0370
bibendum,.,0.1852,urna,0.0370,felis,0.0370,neque,0.0370,ipsum,0.0370,egestas,0.0370,magna,0.0370,a,0.0370,sapien,0.0370,quis,0.0370,iaculis,0.0370,libero,0.0370,sem,0.0370,et,0.0370,metus,0.0370,augue,0.0741,leo,0.0370,quam,0.0370,enim,0.0370,eros,0.0370,finibus,0.0370,vel,0.0370
ut,porta,0.0267,eget,0.0133,enim,0.0267,neque,0.0400,ultrices,0.0133,imperdiet,0.0133,lectus,0.0267,lobortis,0.0267,lacinia,0.0133,eleifend,0.0267,ornare,0.0133,sapien,0.0267,pulvinar,0.0133,et,0.0133,semper,0.0267,in,0.0133,.,0.0800,vehicula,0.0267,luctus,0.0133,porttitor,0.0133,maximus,0.0133,elementum,0.0267,sem,0.0133,fermentum,0.0133,pretium,0.0133,facilisis,0.0133,sodales,0.0133,eros,0.0133,tortor,0.0133,ut,0.0133,congue,0.0133,finibus,0.0133,id,0.0133,eu,0.0133,arcu,0.0133,tellus,0.0133,dignissim,0.0267,rutrum,0.0267,varius,0.0133,quam,0.0133,malesuada,0.0133,accumsan,0.0133,dapibus,0.0133,euismod,0.0133,aliquam,0.0267,bibendum,0.0133,molestie,0.0267,erat,0.0133,justo,0.0133,diam,0.0133,ipsum,0.0133,efficitur,0.0133,sit,0.0133,nec,0.0133,posuere,0.0133
porta,gravida,0.0333,eget,0.0333,tortor,0.0333,mauris,0.0333,semper,0.0333,.,0.2000,vitae,0.0333,lacus,0.0333,feugiat,0.0333,consectetur,0.0333,a,0.0333,magna,0.0333,ut,0.0333,purus,0.0333,justo,0.0333,egestas,0.0333,risus,0.0333,ultricies,0.0333,ipsum,0.0333,velit,0.0333,libero,0.0333,enim,0.0333,faucibus,0.0333,ex,0.0333,nisl,0.0333
gravida,augue,0.0667,ut,0.0667,vulputate,0.0667,ultrices,0.0667,nulla,0.0667,dapibus,0.0667,magna,0.0667,libero,0.0667,vel,0.0667,nibh,0.0667,vestibulum,0.0667,ligula,0.0667,metus,0.0667,interdum,0.0667,hendrerit,0.0667
augue,eget,0.0385,lacus,0.0385,.,0.2308,neque,0.0385,sed,0.0385,eu,0.0769,efficitur,0.0385,pretium,0.0385,pulvinar,0.0385,odio,0.0385,interdum,0.0385,et,0.0385,massa,0.0385,ut,0.0385,mauris,0.0385,cursus,0.0385,luctus,0.0385,nec,0.0385,est,0.0385,blandit,0.0385
eget,tempor,0.0189,mauris,0.0189,convallis,0.0189,velit,0.0189,.,0.0755,congue,0.0189,rutrum,0.0189,varius,0.0189,dignissim,0.0189,tellus,0.0377,porttitor,0.0189,odio,0.0566,bibendum,0.0189,efficitur,0.0189,quam,0.0189,massa,0.0189,sagittis,0.0377,nunc,0.0377,faucibus,0.0189,turpis,0.0189,rhoncus,0.0189,dolor,0.0189,gravida,0.0189,pretium,0.0189,elit,0.0189,sollicitudin,0.0189,mattis,0.0189,et,0.0189,sodales,0.0189,enim,0.0189,nisl,0.0189,lacus,0.0189,placerat,0.0189,tortor,0.0189,augue,0.0189,risus,0.0189,nibh,0.0189,lorem,0.0189,malesuada,0.0189,volutpat,0.0189,tempus,0.0189,ante,0.0189,laoreet,0.0189,cursus,0.0189,sem,0.0189
tempor,leo,0.0909,nulla,0.0455,tellus,0.0455,neque,0.0455,ultricies,0.0455,vel,0.0909,venenatis,0.0455,.,0.0455,sit,0.0455,vitae,0.0455,laoreet,0.0455,id,0.0455,augue,0.0455,finibus,0.0455,vulputate,0.0455,odio,0.0455,lacus,0.0455,arcu,0.0455,nisl,0.0455,sem,0.0455
leo,lacinia,0.0294,sit,0.0294,id,0.0588,pellentesque,0.0294,a,0.0882,non,0.0588,vitae,0.0588,.,0.2353,luctus,0.0588,nisl,0.0294,elementum,0.0294,elit,0.0294,nunc,0.0294,semper,0.0294,urna,0.0294,quis,0.0294,ut,0.0294,feugiat,0.0294,ac,0.0294,neque,0.0294,nec,0.0294
lacinia,et,0.0526,.,0.2105,convallis,0.0526,ipsum,0.0526,metus,0.1579,diam,0.1053,eget,0.0526,nec,0.0526,sed,0.0526,justo,0.0526,leo,0.0526,magna,0.0526,lorem,0.0526
et,.,0.1167,convallis,0.0167,lectus,0.0167,volutpat,0.0167,ex,0.0333,venenatis,0.0167,posuere,0.0167,netus,0.0500,malesuada,0.0833,dictum,0.0167,viverra,0.0167,scelerisque,0.0167,laoreet,0.0333,justo,0.0167,quam,0.0167,efficitur,0.0167,mauris,0.0167,elit,0.0167,turpis,0.0167,consequat,0.0167,faucibus,0.0167,sollicitudin,0.0167,libero,0.0167,iaculis,0.0167,orci,0.0167,metus,0.0333,rutrum,0.0167,tincidunt,0.0167,pharetra,0.0333,suscipit,0.0167,ultrices,0.0333,aliquet,0.0167,eros,0.0167,porta,0.0167,congue,0.0167,nulla,0.0167,massa,0.0167,magnis,0.0167,magna,0.0167,tellus,0.0167,lorem,0.0167,vehicula,0.0167,tristique,0.0167
nulla,cursus,0.0270,.,0.0811,a,0.0270,eu,0.0270,orci,0.0270,consectetur,0.0541,molestie,0.0270,malesuada,0.0270,suscipit,0.0270,sit,0.0811,facilisi,0.1351,dapibus,0.0270,et,0.0270,mollis,0.0270,imperdiet,0.0270,egestas,0.0541,ut,0.0270,iaculis,0.0270,nec,0.0541,sed,0.0270,vel,0.0270,vitae,0.0270,quam,0.0270,facilisis,0.0270,porttitor,0.0270,dictum,0.0270
cursus,non,0.0667,.,0.1333,leo,0.0667,magna,0.0667,et,0.0667,tellus,0.0667,nibh,0.1333,a,0.0667,nec,0.0667,feugiat,0.0667,maximus,0.0667,mauris,0.0667,ex,0.0667
non,sapien,0.0303,ante,0.0303,sem,0.0152,posuere,0.0303,nunc,0.0303,faucibus,0.0152,ex,0.0152,dui,0.0303,aliquet,0.0303,lorem,0.0152,pulvinar,0.0303,felis,0.0152,justo,0.0152,mattis,0.0152,vestibulum,0.0152,mauris,0.0152,quam,0.0152,non,0.0152,enim,0.0455,tincidunt,0.0152,egestas,0.0152,turpis,0.0152,dictum,0.0152,interdum,0.0152,.,0.0455,ullamcorper,0.0152,cursus,0.0152,facilisis,0.0303,molestie,0.0152,sollicitudin,0.0152,hendrerit,0.0152,risus,0.0152,euismod,0.0152,congue,0.0152,mollis,0.0303,est,0.0152,metus,0.0152,rutrum,0.0152,magna,0.0152,gravida,0.0152,nibh,0.0152,lobortis,0.0152,accumsan,0.0152,eget,0.0152,scelerisque,0.0303,vehicula,0.0152,odio,0.0152,varius,0.0152,vulputate,0.0152,laoreet,0.0152,rhoncus,0.0152,ornare,0.0152
sapien,nec,0.0370,dapibus,0.0741,consequat,0.0370,eget,0.1111,suscipit,0.0370,.,0.1852,quis,0.0370,sit,0.1111,blandit,0.0370,in,0.0370,eu,0.0370,tellus,0.0370,mi,0.0370,hendrerit,0.0370,vitae,0.0370,dictum,0.0370,et,0.0370,tempus,0.0370
nec,sollicitudin,0.0152,erat,0.0303,ullamcorper,0.0152,sit,0.0152,libero,0.0303,dictum,0.0152,mattis,0.0152,malesuada,0.0152,aliquam,0.0152,.,0.0909,ligula,0.0303,elementum,0.0303,ultricies,0.0303,finibus,0.0152,rhoncus,0.0303,non,0.0152,neque,0.0152,dolor,0.0152,urna,0.0303,dapibus,0.0152,leo,0.0152,lorem,0.0152,vestibulum,0.0152,congue,0.0152,arcu,0.0152,varius,0.0152,tortor,0.0152,risus,0.0303,rutrum,0.0303,nisi,0.0152,metus,0.0303,maximus,0.0303,convallis,0.0152,hendrerit,0.0152,mauris,0.0152,justo,0.0152,tellus,0.0152,orci,0.0152,nibh,0.0152,odio,0.0152,ornare,0.0152,bibendum,0.0152,diam,0.0152,feugiat,0.0152,condimentum,0.0152,sapien,0.0152,pharetra,0.0152,posuere,0.0152,eros,0.0152,porttitor,0.0152
sollicitudin,.,0.1739,nunc,0.1304,dui,0.0435,tortor,0.0435,scelerisque,0.0435,ex,0.0435,lacus,0.0435,turpis,0.0435,gravida,0.0435,nisl,0.0435,ut,0.0435,lacinia,0.0435,dignissim,0.0435,ligula,0.0435,metus,0.0435,semper,0.0435,quam,0.0435,urna,0.0435
mauris,at,0.0444,eu,0.0444,sed,0.0222,nec,0.0444,semper,0.0222,a,0.0222,.,0.1333,maximus,0.0444,suscipit,0.0222,ultricies,0.0222,vel,0.0667,tincidunt,0.0222,scelerisque,0.0222,sit,0.0222,nunc,0.0222,eget,0.0444,non,0.0222,vitae,0.0222,orci,0.0222,diam,0.0222,dictum,0.0444,vestibulum,0.0222,nibh,0.0222,facilisis,0.0222,in,0.0444,commodo,0.0222,sodales,0.0222,dapibus,0.0222,ac,0.0222,quis,0.0222,fringilla,0.0222
at,risus,0.0408,tempus,0.0204,.,0.1633,augue,0.0408,sem,0.0408,faucibus,0.0204,suscipit,0.0204,metus,0.0204,leo,0.0408,nisl,0.0204,interdum,0.0204,lorem,0.0204,consectetur,0.0204,semper,0.0204,varius,0.0204,sollicitudin,0.0204,quam,0.0408,dolor,0.0408,vestibulum,0.0204,ante,0.0204,imperdiet,0.0204,tortor,0.0204,libero,0.0204,egestas,0.0204,nunc,0.0408,consequat,0.0204,magna,0.0408,purus,0.0204,pulvinar,0.0204,sapien,0.0204,convallis,0.0204,ultricies,0.0204,pharetra,0.0204,rutrum,0.0204
risus,malesuada,0.0256,et,0.0256,tristique,0.0256,nec,0.0513,pretium,0.0256,commodo,0.0256,justo,0.0256,non,0.0513,.,0.2308,fringilla,0.0256,lobortis,0.0256,sollicitudin,0.0513,quis,0.0513,facilisis,0.0256,dui,0.0256,tellus,0.0256,diam,0.0256,metus,0.0256,vel,0.0256,sit,0.0256,efficitur,0.0256,tempus,0.0513,lacus,0.0256,a,0.0256,purus,0.0256,nisi,0.0256
malesuada,fringilla,0.0345,at,0.0345,metus,0.0345,neque,0.0345,fames,0.1379,.,0.1724,et,0.0345,dolor,0.0345,tincidunt,0.0345,ante,0.0345,a,0.0690,tellus,0.0345,arcu,0.0345,posuere,0.0345,fermentum,0.0345,lorem,0.0345,sem,0.0345,dui,0.0345,nibh,0.0345,odio,0.0345,auctor,0.0345
fringilla,.,0.0833,in,0.0417,nibh,0.0417,sit,0.0417,risus,0.0417,efficitur,0.0417,at,0.0417,pharetra,0.0417,elit,0.0417,et,0.0833,lobortis,0.0417,massa,0.0417,dolor,0.0417,arcu,0.0417,ante,0.0417,iaculis,0.0417,mauris,0.0417,nunc,0.0417,dictum,0.0417,elementum,0.0417,sollicitudin,0.0417,nulla,0.0417
sed,mattis,0.0122,venenatis,0.0366,justo,0.0122,nec,0.0122,arcu,0.0122,eros,0.0244,elementum,0.0244,sodales,0.0122,in,0.0244,ante,0.0122,dui,0.0122,non,0.0366,semper,0.0122,viverra,0.0122,efficitur,0.0244,rutrum,0.0122,molestie,0.0122,imperdiet,0.0244,maximus,0.0488,orci,0.0122,urna,0.0122,eleifend,0.0122,sagittis,0.0122,vulputate,0.0244,eget,0.0122,bibendum,0.0122,.,0.0244,porta,0.0244,dignissim,0.0122,lacus,0.0122,luctus,0.0122,libero,0.0122,posuere,0.0122,varius,0.0366,pharetra,0.0122,lacinia,0.0122,augue,0.0122,volutpat,0.0122,massa,0.0122,rhoncus,0.0122,feugiat,0.0122,risus,0.0122,sit,0.0244,et,0.0122,nisi,0.0244,fringilla,0.0122,metus,0.0122,vehicula,0.0122,tristique,0.0122,auctor,0.0122,tortor,0.0122,nulla,0.0122,nibh,0.0122,dapibus,0.0122,eu,0.0122,ullamcorper,0.0122,ultricies,0.0122,turpis,0.0122,consectetur,0.0122,elit,0.0122,a,0.0122,convallis,0.0122,tempor,0.0122
mattis,massa,0.1429,.,0.2143,tempus,0.0714,odio,0.0714,orci,0.0714,non,0.0714,sem,0.0714,lectus,0.0714,nulla,0.0714,auctor,0.1429
massa,ut,0.0370,euismod,0.0370,semper,0.0370,.,0.2593,eros,0.0370,lacinia,0.0370,velit,0.0370,tortor,0.0370,placerat,0.0370,mollis,0.0370,sed,0.0370,sollicitudin,0.0370,sem,0.0370,a,0.0370,eget,0.0370,vitae,0.0370,facilisis,0.0370,laoreet,0.0370,suscipit,0.0370,nec,0.0370,id,0.0370
enim,feugiat,0.0312,.,0.2188,ante,0.0312,et,0.0312,luctus,0.0312,risus,0.0312,leo,0.0312,imperdiet,0.0625,dui,0.0312,commodo,0.0312,at,0.0312,placerat,0.0312,eu,0.0312,malesuada,0.0312,ac,0.0312,ultricies,0.0312,vel,0.0312,quis,0.0312,id,0.0312,laoreet,0.0312,nec,0.0312,tortor,0.0312,bibendum,0.0312,erat,0.0312,auctor,0.0312
feugiat,vitae,0.0400,.,0.1600,nibh,0.0400,diam,0.0400,nunc,0.0400,dictum,0.0400,bibendum,0.0800,ultrices,0.0400,leo,0.0800,elit,0.0400,eget,0.0400,faucibus,0.0400,a,0.0400,enim,0.0400,ut,0.0400,ex,0.0400,quis,0.0400,tempus,0.0800,erat,0.0400
vitae,tincidunt,0.0169,consequat,0.0169,venenatis,0.0169,nulla,0.0169,dignissim,0.0169,orci,0.0169,sapien,0.0339,ultrices,0.0339,pellentesque,0.0169,nisl,0.0339,aliquam,0.0169,magna,0.0169,maximus,0.0169,condimentum,0.0169,facilisis,0.0169,lacinia,0.0339,semper,0.0169,mi,0.0169,est,0.0339,fermentum,0.0169,lacus,0.0339,placerat,0.0169,lobortis,0.0339,dui,0.0169,eleifend,0.0339,libero,0.0169,interdum,0.0339,rutrum,0.0169,eget,0.0169,.,0.0169,malesuada,0.0169,neque,0.0169,augue,0.0169,auctor,0.0169,eros,0.0169,ante,0.0169,fringilla,0.0169,iaculis,0.0169,nibh,0.0339,euismod,0.0169,mattis,0.0169,accumsan,0.0169,faucibus,0.0169,aliquet,0.0169,elementum,0.0169,diam,0.0339,mollis,0.0169,posuere,0.0169
tincidunt,diam,0.0286,mi,0.0571,convallis,0.0286,nisi,0.0571,pellentesque,0.0286,dolor,0.0857,eget,0.0286,commodo,0.0286,lorem,0.0286,sed,0.0571,.,0.1429,tortor,0.0286,purus,0.0286,nec,0.0571,tincidunt,0.0286,vitae,0.0286,dignissim,0.0286,eros,0.0286,erat,0.0286,quam,0.0286,ante,0.0286,mauris,0.0286,turpis,0.0286,elit,0.0286,leo,0.0286
diam,ullamcorper,0.0312,nec,0.0312,.,0.2500,eu,0.0625,vitae,0.0625,in,0.0938,facilisis,0.0312,ante,0.0312,fermentum,0.0312,turpis,0.0312,ex,0.0312,dictum,0.0312,tempor,0.0312,eget,0.0625,vehicula,0.0312,malesuada,0.0312,sed,0.0312,orci,0.0312,ut,0.0312,consequat,0.0312
ullamcorper,.,0.1667,eros,0.1111,vel,0.1111,vehicula,0.0556,risus,0.0556,eleifend,0.0556,nunc,0.0556,metus,0.0556,id,0.0556,gravida,0.0556,suscipit,0.0556,enim,0.0556,tempus,0.0556,porta,0.0556
vestibulum,aliquam,0.0278,nisl,0.0278,tristique,0.0556,lobortis,0.0278,viverra,0.0278,sit,0.0833,imperdiet,0.0278,maximus,0.0278,efficitur,0.0556,cursus,0.0556,iaculis,0.0278,tellus,0.0278,ligula,0.0278,ut,0.0278,placerat,0.0278,erat,0.0278,lectus,0.0278,ante,0.0556,rhoncus,0.0278,.,0.0556,velit,0.0278,consectetur,0.0278,elementum,0.0278,nunc,0.0278,eget,0.0278,sed,0.0278,odio,0.0278,tincidunt,0.0278,nec,0.0278
aliquam,est,0.0588,erat,0.1176,nisi,0.0294,nec,0.0294,sapien,0.0294,at,0.0294,sed,0.0294,turpis,0.0294,et,0.0294,ac,0.0294,velit,0.0588,a,0.0294,purus,0.0294,consectetur,0.0294,ligula,0.0294,lectus,0.0294,varius,0.0294,vehicula,0.0294,quis,0.0294,arcu,0.0294,scelerisque,0.0294,egestas,0.0294,finibus,0.0294,sit,0.0588,ultrices,0.0294,eu,0.0294,vel,0.0294,mi,0.0294
est,sit,0.0588,bibendum,0.0588,eu,0.1176,vestibulum,0.0588,ut,0.0588,ac,0.0588,et,0.0588,non,0.0588,.,0.2941,commodo,0.0588,leo,0.0588,lectus,0.0588
sit,amet,1
amet,orci,0.0222,diam,0.0222,imperdiet,0.0667,ligula,0.0222,tellus,0.0222,metus,0.0222,tristique,0.0444,dapibus,0.0667,luctus,0.0222,auctor,0.0222,facilisis,0.0444,tempus,0.0222,libero,0.0444,condimentum,0.0222,malesuada,0.0222,elit,0.0222,lectus,0.0444,tincidunt,0.0444,sodales,0.0222,rutrum,0.0222,tortor,0.0222,molestie,0.0222,urna,0.0222,nisl,0.0222,laoreet,0.0222,consectetur,0.0444,ex,0.0222,massa,0.0222,maximus,0.0222,pharetra,0.0222,purus,0.0222,lorem,0.0222,leo,0.0222,nibh,0.0222,finibus,0.0222
sodales,pellentesque,0.0625,nisi,0.0625,.,0.1250,nunc,0.0625,ac,0.0625,at,0.0625,sodales,0.0625,venenatis,0.0625,dictum,0.0625,feugiat,0.0625,augue,0.0625,a,0.0625,pretium,0.0625,diam,0.0625,tortor,0.0625
pellentesque,.,0.1622,habitant,0.0811,ornare,0.0270,tincidunt,0.0270,dui,0.0270,at,0.0270,luctus,0.0270,et,0.0270,molestie,0.0270,a,0.0270,eget,0.0270,tortor,0.0270,consectetur,0.0270,laoreet,0.0270,eros,0.0270,varius,0.0270,nec,0.0270,ultricies,0.0270,fringilla,0.0270,ligula,0.0270,ut,0.0541,nunc,0.0270,cursus,0.0270,pretium,0.0270,diam,0.0270,sed,0.0270,quis,0.0270,ante,0.0270,vel,0.0270
suspendisse,tristique,0.0500,in,0.0500,tincidunt,0.0500,tortor,0.0500,scelerisque,0.0500,at,0.0500,quis,0.1000,potenti,0.1000,non,0.0500,aliquam,0.0500,porttitor,0.0500,elementum,0.0500,pellentesque,0.0500,et,0.0500,maximus,0.0500,posuere,0.0500,a,0.0500,vel,0.0500
tristique,augue,0.0455,eget,0.0455,interdum,0.0455,senectus,0.1364,dolor,0.0455,.,0.0455,risus,0.0455,tellus,0.0455,non,0.0455,diam,0.0455,mollis,0.0455,nisi,0.0455,ex,0.0455,lacinia,0.0455,volutpat,0.0455,ipsum,0.0909,fermentum,0.0455,hendrerit,0.0455,leo,0.0455
lacus,at,0.0455,est,0.0455,commodo,0.0455,in,0.0455,ultrices,0.0455,eu,0.0455,nec,0.0455,pretium,0.0455,ut,0.0455,rutrum,0.0455,mauris,0.0455,non,0.0455,vel,0.0455,laoreet,0.0909,.,0.1818,id,0.0455,et,0.0455,hendrerit,0.0455
tempus,magna,0.0385,.,0.2692,at,0.0385,ex,0.0385,nisl,0.0385,odio,0.0385,enim,0.0385,porta,0.0385,ante,0.0385,nec,0.0385,dui,0.0385,porttitor,0.0385,cursus,0.0385,hendrerit,0.0385,aliquam,0.0385,sagittis,0.0385,metus,0.0385,ut,0.0385,quis,0.0385,vestibulum,0.0385
magna,ultrices,0.0323,rhoncus,0.0323,nec,0.0323,.,0.1935,lacus,0.0323,diam,0.0323,eu,0.0645,sapien,0.0645,odio,0.0323,porta,0.0323,quis,0.0323,sed,0.0645,id,0.0323,non,0.0323,eleifend,0.0323,felis,0.0323,sagittis,0.0323,risus,0.0323,vitae,0.0323,neque,0.0323,in,0.0323,vel,0.0323,mollis,0.0323
ultrices,at,0.0357,condimentum,0.0357,neque,0.0357,malesuada,0.0357,vestibulum,0.0357,nisl,0.0357,.,0.2143,arcu,0.0357,ex,0.0357,nunc,0.0357,pulvinar,0.0357,nec,0.0357,non,0.0357,tincidunt,0.0714,posuere,0.0714,vulputate,0.0357,ullamcorper,0.0357,iaculis,0.0357,velit,0.0357,luctus,0.0357,scelerisque,0.0357
venenatis,vulputate,0.0455,vestibulum,0.0455,sapien,0.0455,risus,0.0455,.,0.2727,nec,0.0909,tincidunt,0.0455,ut,0.0455,tellus,0.0455,ligula,0.0455,leo,0.0455,neque,0.0455,porttitor,0.0455,scelerisque,0.0455,nulla,0.0455,felis,0.0455
dolor,.,0.1429,fermentum,0.0571,turpis,0.0286,vitae,0.0286,eu,0.0286,sit,0.1143,sed,0.0286,in,0.0571,at,0.0571,non,0.0571,a,0.0286,id,0.0286,mi,0.0286,nibh,0.0286,bibendum,0.0286,porta,0.0286,pharetra,0.0571,ac,0.0286,quis,0.0286,metus,0.0286,enim,0.0286,viverra,0.0286,vel,0.0286
libero,turpis,0.0323,et,0.0645,rutrum,0.0323,urna,0.0323,mattis,0.0323,.,0.1935,ac,0.0645,est,0.0323,elit,0.0323,tempus,0.0323,pretium,0.0323,odio,0.0323,molestie,0.0323,euismod,0.0323,sed,0.0323,hendrerit,0.0323,ante,0.0323,maximus,0.0323,eget,0.0323,faucibus,0.0323,ut,0.0323,in,0.0323,tellus,0.0323,enim,0.0323
congue,vitae,0.0500,feugiat,0.0500,eleifend,0.0500,dui,0.0500,justo,0.0500,convallis,0.0500,molestie,0.0500,elementum,0.0500,mi,0.0500,varius,0.0500,tempor,0.0500,ante,0.0500,risus,0.0500,sagittis,0.0500,.,0.0500,nisl,0.0500,non,0.0500,venenatis,0.0500,urna,0.0500,fringilla,0.0500
consequat,id,0.0455,varius,0.0455,ligula,0.0455,interdum,0.0455,enim,0.0455,lectus,0.0455,dignissim,0.0909,ac,0.0455,massa,0.0455,tortor,0.0455,elementum,0.0455,augue,0.0455,.,0.1364,eget,0.0455,luctus,0.0455,ipsum,0.0455,lobortis,0.0455,mauris,0.0455,non,0.0455
id,faucibus,0.0175,dapibus,0.0175,elit,0.0175,laoreet,0.0175,sit,0.0175,eleifend,0.0175,neque,0.0175,a,0.0175,tincidunt,0.0351,egestas,0.0175,pharetra,0.0175,purus,0.0175,mauris,0.0526,odio,0.0175,.,0.0526,semper,0.0175,volutpat,0.0351,magna,0.0175,iaculis,0.0351,tempor,0.0175,ipsum,0.0175,vulputate,0.0526,pulvinar,0.0175,fermentum,0.0175,lorem,0.0351,augue,0.0175,lobortis,0.0175,orci,0.0175,nisi,0.0175,efficitur,0.0175,consequat,0.0175,auctor,0.0175,quam,0.0175,molestie,0.0175,ultrices,0.0175,interdum,0.0175,massa,0.0175,vestibulum,0.0175,diam,0.0175,nulla,0.0175,scelerisque,0.0175,aliquet,0.0175,nunc,0.0175,aliquam,0.0175,sem,0.0175,urna,0.0175,venenatis,0.0175
faucibus,ut,0.0556,aliquam,0.0556,purus,0.1111,ultricies,0.0556,orci,0.1111,varius,0.0556,ante,0.0556,.,0.2222,et,0.0556,malesuada,0.0556,mollis,0.0556,tempor,0.0556,sem,0.0556
neque,.,0.4091,in,0.0455,et,0.0455,non,0.0909,turpis,0.0455,ultricies,0.0455,euismod,0.0455,blandit,0.0455,orci,0.0455,tincidunt,0.0455,vitae,0.0909,viverra,0.0455
condimentum,libero,0.0625,nulla,0.1250,diam,0.0625,lacus,0.0625,aliquet,0.0625,mauris,0.1250,eu,0.0625,in,0.0625,eros,0.0625,.,0.0625,nisi,0.0625,ante,0.0625,feugiat,0.0625,consequat,0.0625
convallis,elit,0.0588,auctor,0.0588,ipsum,0.0588,felis,0.0588,tempus,0.0588,augue,0.0588,.,0.1176,erat,0.0588,mattis,0.0588,lectus,0.0588,urna,0.0588,molestie,0.0588,massa,0.0588,tortor,0.0588,neque,0.0588,eu,0.0588
elit,malesuada,0.0417,auctor,0.0417,vulputate,0.0417,felis,0.0417,id,0.0833,in,0.0417,vitae,0.0417,quam,0.0417,pellentesque,0.0417,accumsan,0.0417,lacus,0.0417,eu,0.0417,ultrices,0.0417,.,0.1667,egestas,0.0417,non,0.0417,eget,0.0417,porttitor,0.0417,consectetur,0.0417,at,0.0417
tortor,rhoncus,0.0286,ac,0.0286,semper,0.0286,eu,0.0286,nec,0.0571,justo,0.0286,gravida,0.0286,in,0.0286,.,0.3143,bibendum,0.0286,laoreet,0.0286,ut,0.0857,commodo,0.0286,tempor,0.0571,eget,0.0571,nibh,0.0286,tristique,0.0286,pretium,0.0286,lectus,0.0286,tincidunt,0.0286
rhoncus,finibus,0.0667,.,0.2000,nulla,0.0667,enim,0.0667,felis,0.0667,dolor,0.0667,sagittis,0.0667,est,0.0667,eu,0.0667,interdum,0.0667,ac,0.0667,vitae,0.0667,pulvinar,0.0667
finibus,tortor,0.0500,cursus,0.0500,id,0.1500,feugiat,0.0500,metus,0.0500,.,0.1000,purus,0.0500,dui,0.0500,dolor,0.0500,diam,0.0500,eros,0.0500,ex,0.0500,molestie,0.0500,neque,0.0500,ac,0.0500,sed,0.0500,mauris,0.0500
ac,iaculis,0.0196,turpis,0.0588,.,0.0392,posuere,0.0196,ultricies,0.0196,justo,0.0392,placerat,0.0196,euismod,0.0196,varius,0.0196,risus,0.0196,accumsan,0.0196,ultrices,0.0392,egestas,0.0196,mi,0.0196,nibh,0.0196,ut,0.0196,odio,0.0196,feugiat,0.0196,tincidunt,0.0392,ipsum,0.0196,a,0.0196,urna,0.0196,dui,0.0196,felis,0.0392,imperdiet,0.0196,arcu,0.0196,sagittis,0.0196,rhoncus,0.0196,lacinia,0.0196,ante,0.0196,blandit,0.0196,sodales,0.0196,maximus,0.0196,commodo,0.0196,orci,0.0196,erat,0.0196,sollicitudin,0.0196,tempus,0.0196,interdum,0.0196,ex,0.0196,lobortis,0.0196,molestie,0.0196,sapien,0.0196,porta,0.0196
iaculis,nulla,0.0417,arcu,0.0417,nisi,0.0417,ligula,0.0833,egestas,0.0417,.,0.1667,in,0.0417,neque,0.0417,purus,0.0417,vulputate,0.0417,libero,0.0833,scelerisque,0.0417,augue,0.0417,urna,0.0417,eleifend,0.0417,at,0.0417,turpis,0.0417,velit,0.0417,et,0.0417
vivamus,nec,0.0833,eu,0.0833,sit,0.0833,consequat,0.0833,ornare,0.0833,in,0.0833,nisl,0.0833,pulvinar,0.0833,id,0.0833,accumsan,0.0833,porta,0.0833,sagittis,0.0833
erat,quis,0.0476,volutpat,0.1905,dolor,0.0476,diam,0.0476,eu,0.0476,nec,0.0476,ultricies,0.0476,.,0.0952,tempus,0.0476,mollis,0.0476,viverra,0.0476,erat,0.0476,rhoncus,0.0476,a,0.0476,eget,0.0476,in,0.0476,convallis,0.0476
quis,dolor,0.0417,bibendum,0.0208,nisi,0.0208,justo,0.0208,lacus,0.0208,lectus,0.0417,sagittis,0.0417,gravida,0.0208,pretium,0.0208,fermentum,0.0208,aliquet,0.0208,ullamcorper,0.0208,.,0.0208,ornare,0.0208,nibh,0.0208,eget,0.0208,malesuada,0.0208,eros,0.0208,laoreet,0.0208,mollis,0.0417,venenatis,0.0208,nisl,0.0208,sapien,0.0208,pharetra,0.0208,blandit,0.0208,facilisis,0.0208,auctor,0.0208,turpis,0.0208,viverra,0.0208,finibus,0.0208,feugiat,0.0208,orci,0.0208,nunc,0.0417,luctus,0.0208,convallis,0.0417,tempus,0.0208,tempor,0.0208,leo,0.0208,at,0.0208,felis,0.0208,consectetur,0.0208,fringilla,0.0208
hendrerit,.,0.4211,est,0.0526,lorem,0.1053,viverra,0.0526,ante,0.0526,dictum,0.0526,ac,0.0526,condimentum,0.0526,sagittis,0.0526,lacus,0.0526,fermentum,0.0526
donec,vehicula,0.0270,dui,0.0270,laoreet,0.0270,egestas,0.0270,bibendum,0.0270,tellus,0.0270,pulvinar,0.0541,eu,0.0541,posuere,0.0270,ex,0.0270,elit,0.0270,volutpat,0.0270,magna,0.0270,non,0.0270,risus,0.0270,ut,0.0270,sodales,0.0270,congue,0.0270,justo,0.0270,finibus,0.0270,molestie,0.0270,maximus,0.0270,ultricies,0.0270,id,0.0270,nisi,0.0270,tincidunt,0.0270,vitae,0.0541,faucibus,0.0270,convallis,0.0270,eget,0.0270,porta,0.0270,cursus,0.0270,condimentum,0.0270,at,0.0270
vehicula,mauris,0.0714,nec,0.0714,.,0.0714,orci,0.0714,risus,0.0714,nisi,0.0714,vestibulum,0.0714,leo,0.0714,ultricies,0.0714,tempus,0.0714,nulla,0.0714,interdum,0.0714,malesuada,0.0714,lacus,0.0714
eu,blandit,0.0189,pharetra,0.0377,elit,0.0189,tincidunt,0.0189,sem,0.0377,turpis,0.0189,dignissim,0.0189,sollicitudin,0.0377,massa,0.0377,posuere,0.0189,porttitor,0.0189,vestibulum,0.0189,vulputate,0.0189,fringilla,0.0189,nisl,0.0377,tempor,0.0189,odio,0.0189,consequat,0.0189,magna,0.0377,scelerisque,0.0189,.,0.0566,nunc,0.0189,commodo,0.0189,diam,0.0189,tempus,0.0189,quam,0.0189,condimentum,0.0189,velit,0.0189,lectus,0.0377,ultricies,0.0377,lacinia,0.0189,bibendum,0.0189,leo,0.0189,eget,0.0189,eleifend,0.0189,erat,0.0189,congue,0.0189,dictum,0.0377,semper,0.0189,metus,0.0189,sapien,0.0189,urna,0.0189
blandit,iaculis,0.0526,sem,0.0526,mi,0.0526,nec,0.1053,leo,0.0526,sapien,0.0526,orci,0.0526,dapibus,0.0526,ac,0.0526,id,0.0526,augue,0.0526,dui,0.0526,.,0.1053,imperdiet,0.0526,velit,0.0526,fringilla,0.0526,metus,0.0526
arcu,tortor,0.0588,imperdiet,0.0588,.,0.2941,turpis,0.0588,ut,0.1176,erat,0.0588,consectetur,0.0588,et,0.1176,blandit,0.0588,id,0.0588,quis,0.0588
semper,urna,0.0435,massa,0.0870,eleifend,0.0435,lectus,0.0435,ac,0.0435,laoreet,0.0435,tempor,0.0435,.,0.2174,magna,0.0435,ultricies,0.0435,risus,0.0870,metus,0.0435,est,0.0870,bibendum,0.0435,mauris,0.0435,lacinia,0.0435
urna,id,0.0345,ultrices,0.0690,dui,0.0345,pellentesque,0.0345,in,0.0345,blandit,0.0345,.,0.2759,vitae,0.0345,non,0.0345,odio,0.0345,at,0.0345,mattis,0.0345,risus,0.0345,ac,0.0345,egestas,0.0345,eget,0.0345,eleifend,0.0345,mollis,0.0345,eu,0.0345,a,0.0345,aliquet,0.0345
dapibus,quam,0.0870,.,0.1304,enim,0.0435,finibus,0.0435,lacinia,0.0435,dui,0.0435,arcu,0.0435,erat,0.0870,interdum,0.0435,et,0.0435,fermentum,0.0435,tempus,0.0435,a,0.0435,elementum,0.0435,in,0.0435,pretium,0.0435,augue,0.0435,ex,0.0435,ac,0.0435
quam,felis,0.0278,non,0.0278,ornare,0.0833,auctor,0.0278,bibendum,0.0278,quis,0.0556,ullamcorper,0.0278,turpis,0.0278,fringilla,0.0278,ultricies,0.0278,eleifend,0.0278,id,0.0556,a,0.0278,.,0.0833,tempor,0.0278,vehicula,0.0278,ligula,0.0278,eros,0.0278,iaculis,0.0556,rutrum,0.0278,molestie,0.0278,velit,0.0278,nec,0.0278,viverra,0.0278,egestas,0.0278,ac,0.0278,sed,0.0278,condimentum,0.0278,in,0.0278
lectus,.,0.2414,rutrum,0.0345,et,0.0690,aliquet,0.0345,id,0.0345,dui,0.0690,sit,0.0345,sodales,0.0345,aliquam,0.0690,non,0.0690,sed,0.0345,purus,0.0345,eu,0.0345,feugiat,0.0345,diam,0.0345,fringilla,0.0345,porttitor,0.0345,dignissim,0.0345,pellentesque,0.0345
duis,eu,0.1176,porttitor,0.0588,vitae,0.0588,suscipit,0.0588,velit,0.0588,malesuada,0.0588,interdum,0.0588,at,0.0588,euismod,0.0588,urna,0.0588,id,0.0588,consectetur,0.0588,feugiat,0.0588,mollis,0.0588,vel,0.0588,sagittis,0.0588
pharetra,velit,0.0455,commodo,0.0455,cursus,0.0455,turpis,0.0455,dui,0.0455,massa,0.0455,purus,0.0455,finibus,0.0455,.,0.0909,nisl,0.0455,venenatis,0.0455,bibendum,0.0455,diam,0.0455,sollicitudin,0.0455,leo,0.0909,maximus,0.0455,tortor,0.0909,faucibus,0.0455,magna,0.0455
velit,dictum,0.0435,sit,0.0870,.,0.0870,vitae,0.0435,mauris,0.0435,eu,0.0870,eleifend,0.0435,posuere,0.0435,magna,0.0435,at,0.0435,rutrum,0.0435,ultrices,0.0435,hendrerit,0.0435,non,0.0435,tincidunt,0.0435,ac,0.0435,placerat,0.0435,nulla,0.0435,dolor,0.0435,quis,0.0435
dictum,laoreet,0.0370,nec,0.0370,vitae,0.0370,bibendum,0.0741,consectetur,0.0370,.,0.1852,id,0.0370,dolor,0.0741,mauris,0.0370,et,0.0370,malesuada,0.0370,sapien,0.0370,quis,0.0370,ut,0.0370,vulputate,0.0370,a,0.0370,justo,0.0370,rutrum,0.0370,elit,0.0370,risus,0.0370,orci,0.0370
laoreet,odio,0.0370,mauris,0.0370,mi,0.0370,sollicitudin,0.0370,urna,0.0370,at,0.0370,tellus,0.0370,libero,0.0370,.,0.1852,id,0.0370,quam,0.0370,interdum,0.0370,risus,0.0370,scelerisque,0.0370,dictum,0.0370,vel,0.0370,tincidunt,0.0370,venenatis,0.0370,sed,0.0370,quis,0.0370,eros,0.0370,ex,0.0370,ut,0.0370
odio,.,0.3226,at,0.0645,ut,0.0323,quis,0.0968,sapien,0.0323,a,0.0323,sed,0.0323,porta,0.0645,vitae,0.0323,vel,0.0323,venenatis,0.0323,in,0.0323,interdum,0.0323,urna,0.0323,blandit,0.0323,eget,0.0323,massa,0.0323,suscipit,0.0323
porttitor,orci,0.0588,mattis,0.0588,et,0.1176,dui,0.0588,vestibulum,0.0588,id,0.0588,porta,0.0588,odio,0.0588,.,0.1765,quis,0.0588,felis,0.0588,nibh,0.0588,eros,0.0588,dolor,0.0588
ante,congue,0.0370,vulputate,0.0370,volutpat,0.0370,a,0.0370,eu,0.0370,sem,0.0370,.,0.1852,venenatis,0.0370,vel,0.0741,consequat,0.0370,sed,0.0370,nibh,0.0370,id,0.0370,ipsum,0.1111,ac,0.0370,diam,0.0370,ut,0.0370,ullamcorper,0.0370,facilisis,0.0370,finibus,0.0370
molestie,condimentum,0.0417,tortor,0.0417,eros,0.0417,auctor,0.0417,leo,0.0417,mi,0.0417,.,0.2083,urna,0.0417,non,0.0417,pretium,0.0417,aliquet,0.0417,vitae,0.0417,orci,0.0833,ut,0.0417,imperdiet,0.0417,tristique,0.0417,lobortis,0.0417,purus,0.0417,iaculis,0.0417
a,dapibus,0.0192,sagittis,0.0385,felis,0.0577,mollis,0.0192,risus,0.0192,vulputate,0.0192,finibus,0.0192,massa,0.0192,auctor,0.0192,sem,0.0192,aliquam,0.0192,efficitur,0.0192,rhoncus,0.0192,gravida,0.0192,metus,0.0192,.,0.0769,consequat,0.0385,augue,0.0192,consectetur,0.0192,tempus,0.0385,ligula,0.0192,luctus,0.0192,nibh,0.0385,nec,0.0192,lectus,0.0192,diam,0.0385,leo,0.0192,tellus,0.0192,bibendum,0.0192,accumsan,0.0192,est,0.0192,dolor,0.0192,feugiat,0.0192,iaculis,0.0192,at,0.0192,dictum,0.0192,congue,0.0192,pulvinar,0.0192,nulla,0.0192,tempor,0.0192,libero,0.0192,pretium,0.0192
auctor,condimentum,0.0455,.,0.1364,eros,0.0909,augue,0.0455,porta,0.0455,turpis,0.0455,lorem,0.0455,in,0.0455,ipsum,0.0909,massa,0.0455,dolor,0.0455,nisi,0.0455,consectetur,0.0455,libero,0.0455,at,0.0455,mi,0.0455,et,0.0455,ligula,0.0455
eros,.,0.4333,sit,0.0333,ultricies,0.0333,vel,0.0667,nec,0.0333,hendrerit,0.0333,nunc,0.0333,quis,0.0333,id,0.0333,ipsum,0.0333,in,0.0333,molestie,0.0333,accumsan,0.0333,eu,0.0333,ac,0.0333,laoreet,0.0333,feugiat,0.0333
cras,dignissim,0.0625,tellus,0.0625,nisl,0.0625,ipsum,0.0625,varius,0.1250,vel,0.0625,in,0.0625,gravida,0.0625,dictum,0.0625,ut,0.0625,vulputate,0.0625,quam,0.0625,ornare,0.0625,lobortis,0.0625,faucibus,0.0625
dignissim,ultrices,0.0455,condimentum,0.0455,.,0.1818,nisi,0.0455,odio,0.0455,nunc,0.0455,fermentum,0.0455,mollis,0.0455,dolor,0.0455,lacus,0.0455,tellus,0.0455,et,0.0455,nibh,0.0455,rutrum,0.0455,pellentesque,0.0455,iaculis,0.0455,orci,0.0455,id,0.0455,imperdiet,0.0455
mi,.,0.2941,vel,0.0588,ut,0.0588,eget,0.1176,in,0.0588,ipsum,0.0588,dui,0.0588,quis,0.0588,malesuada,0.0588,nec,0.0588,eleifend,0.0588,sit,0.0588
dui,ante,0.0303,.,0.3333,rutrum,0.0303,facilisis,0.0303,vel,0.0303,tempus,0.0303,dolor,0.0303,molestie,0.0303,vitae,0.0303,bibendum,0.0303,tempor,0.0303,finibus,0.0303,consectetur,0.0606,non,0.0909,id,0.0303,ac,0.0303,at,0.0303,sodales,0.0303,feugiat,0.0303,a,0.0303
imperdiet,vitae,0.0500,.,0.2000,finibus,0.0500,interdum,0.0500,laoreet,0.0500,sit,0.0500,dolor,0.0500,magna,0.1500,auctor,0.0500,sem,0.0500,tincidunt,0.0500,leo,0.0500,blandit,0.0500,urna,0.0500,suscipit,0.0500
nisl,.,0.1481,elementum,0.0370,sem,0.0370,quis,0.0741,consectetur,0.0370,at,0.0370,posuere,0.0370,a,0.0370,vitae,0.0370,lacinia,0.0370,scelerisque,0.0370,facilisis,0.0370,ut,0.0741,in,0.0370,eu,0.0370,sagittis,0.0370,mauris,0.0370,eget,0.0370,sed,0.0370,sit,0.0370,iaculis,0.0370,consequat,0.0370
morbi,tincidunt,0.0400,venenatis,0.0400,ornare,0.0400,tristique,0.1200,enim,0.0400,laoreet,0.0400,lobortis,0.0400,facilisis,0.0400,quis,0.0800,volutpat,0.0400,fringilla,0.0400,gravida,0.0400,nec,0.0400,varius,0.0400,porta,0.0400,vitae,0.0400,aliquet,0.0400,malesuada,0.0400,magna,0.0400,a,0.0400,mattis,0.0400,sagittis,0.0400
phasellus,tempor,0.0476,mollis,0.0476,malesuada,0.0476,tristique,0.0476,porttitor,0.0476,porta,0.0476,non,0.0476,accumsan,0.0476,vitae,0.0476,imperdiet,0.0476,nec,0.0476,id,0.0476,sagittis,0.0476,gravida,0.0476,auctor,0.0476,hendrerit,0.0476,aliquet,0.0476,dignissim,0.0476,pellentesque,0.0476,semper,0.0476,et,0.0476
ipsum,pulvinar,0.0385,eu,0.0385,non,0.0769,purus,0.0385,ac,0.0385,vitae,0.0769,quam,0.0385,nec,0.0385,lobortis,0.0385,.,0.1538,primis,0.1154,id,0.0385,dignissim,0.0385,dolor,0.0769,dui,0.0385,tortor,0.0385,euismod,0.0385,sed,0.0385
pulvinar,at,0.0455,bibendum,0.0455,.,0.2273,mauris,0.0455,porta,0.0455,eros,0.0455,pellentesque,0.0455,enim,0.0455,congue,0.0455,sed,0.0455,justo,0.0455,venenatis,0.0455,mi,0.0455,orci,0.0455,nunc,0.0455,quam,0.0455,libero,0.0455,velit,0.0455
fusce,egestas,0.0385,enim,0.0385,ac,0.0385,luctus,0.0385,tempor,0.0385,vulputate,0.0385,tristique,0.0385,elementum,0.0385,rutrum,0.0385,quis,0.0769,vel,0.0385,facilisis,0.0385,non,0.0385,vestibulum,0.0385,tincidunt,0.0385,tortor,0.0385,fermentum,0.0385,mollis,0.0385,pulvinar,0.0385,scelerisque,0.0385,commodo,0.0385,turpis,0.0385,pretium,0.0385,interdum,0.0385,sit,0.0385
egestas,tortor,0.0435,.,0.2174,ipsum,0.0870,ultrices,0.0435,ultricies,0.0435,porta,0.0435,pulvinar,0.0870,eu,0.0435,vulputate,0.0435,id,0.0435,mi,0.0435,dui,0.0435,lectus,0.0435,luctus,0.0435,et,0.0435,blandit,0.0435,elementum,0.0435
sem,ultricies,0.0385,tincidunt,0.0385,non,0.0385,ornare,0.0385,nec,0.0769,.,0.1154,sodales,0.0385,ac,0.0385,mattis,0.0385,justo,0.0385,fringilla,0.0385,sed,0.0385,feugiat,0.0385,quis,0.0385,id,0.0769,nisi,0.0385,tortor,0.0385,ullamcorper,0.0385,mauris,0.0385,suscipit,0.0385,vel,0.0385,arcu,0.0385
ultricies,in,0.0667,vitae,0.0667,.,0.2000,interdum,0.0333,finibus,0.0333,ultricies,0.0333,elit,0.0333,congue,0.0333,metus,0.0333,sagittis,0.0333,commodo,0.0333,iaculis,0.0333,nisi,0.0333,pellentesque,0.0333,posuere,0.0333,eu,0.0333,viverra,0.0333,mollis,0.0333,dictum,0.0333,eros,0.0333,risus,0.0333,lectus,0.0333,odio,0.0333
posuere,magna,0.0435,lectus,0.0435,fringilla,0.0435,dolor,0.0435,orci,0.0435,vulputate,0.0435,egestas,0.0435,odio,0.0435,justo,0.0435,enim,0.0435,sem,0.0435,sollicitudin,0.0870,.,0.0435,at,0.0435,cubilia,0.0870,massa,0.0435,ipsum,0.0435,nunc,0.0870,eros,0.0435,tortor,0.0435
volutpat,.,0.3529,sodales,0.0588,in,0.0588,purus,0.0588,aliquet,0.0588,eu,0.0588,ex,0.0588,imperdiet,0.0588,laoreet,0.0588,sem,0.0588,libero,0.0588,risus,0.0588
etiam,in,0.0714,lobortis,0.0714,pulvinar,0.0714,aliquam,0.0714,dictum,0.0714,eu,0.0714,rutrum,0.0714,non,0.0714,tempor,0.0714,vel,0.0714,sed,0.0714,pellentesque,0.0714,quis,0.0714,molestie,0.0714
nullam,sodales,0.0417,vitae,0.0417,vulputate,0.0833,at,0.0417,consequat,0.0833,feugiat,0.0417,sagittis,0.0417,sollicitudin,0.0417,ac,0.0417,a,0.1250,eget,0.0417,felis,0.0833,volutpat,0.0417,finibus,0.0417,consectetur,0.0417,non,0.0417,et,0.0417,nec,0.0417,enim,0.0417
nisi,et,0.0385,ut,0.0385,tristique,0.0385,.,0.1154,semper,0.0385,eget,0.1154,orci,0.0385,ante,0.0385,non,0.0769,eros,0.0385,ac,0.0385,pharetra,0.0385,at,0.0385,massa,0.0385,ultrices,0.0385,sollicitudin,0.0385,consequat,0.0385,auctor,0.0385,venenatis,0.0385,eu,0.0385,mi,0.0385
rutrum,dictum,0.0333,a,0.0333,quam,0.0333,quis,0.0333,.,0.1333,consectetur,0.0333,elit,0.0333,dolor,0.0667,risus,0.0333,neque,0.0333,in,0.0333,ultricies,0.0333,mi,0.0333,nisl,0.0333,posuere,0.0333,convallis,0.0333,hendrerit,0.0333,augue,0.0667,lacinia,0.0333,ut,0.0333,fringilla,0.0333,ex,0.0333,odio,0.0333,nec,0.0333,tortor,0.0333
lobortis,ligula,0.0526,risus,0.0526,ante,0.0526,ullamcorper,0.0526,libero,0.1053,vitae,0.0526,rhoncus,0.0526,enim,0.1053,orci,0.0526,ipsum,0.0526,dignissim,0.0526,semper,0.0526,elit,0.0526,lectus,0.0526,a,0.0526,dapibus,0.0526,vel,0.0526
ligula,in,0.0556,convallis,0.0556,ut,0.1111,nisi,0.0556,.,0.1111,volutpat,0.0556,a,0.0556,pellentesque,0.0556,cursus,0.0556,malesuada,0.0556,purus,0.0556,rutrum,0.0556,ac,0.0556,vitae,0.0556,augue,0.0556,tempus,0.0556
metus,risus,0.0556,.,0.4444,leo,0.0278,sapien,0.0556,in,0.0556,eu,0.0278,at,0.0278,consectetur,0.0278,dictum,0.0278,ac,0.0278,ullamcorper,0.0278,id,0.0278,tristique,0.0556,finibus,0.0278,gravida,0.0278,dapibus,0.0278,congue,0.0278
ex,.,0.2174,fermentum,0.0435,ac,0.0435,libero,0.0435,felis,0.0870,sit,0.0870,diam,0.0435,purus,0.0435,imperdiet,0.0435,et,0.0870,non,0.0435,risus,0.0435,sed,0.0435,pretium,0.0435,est,0.0435,dignissim,0.0435
justo,non,0.0769,et,0.0385,sapien,0.0385,vehicula,0.0385,.,0.2308,tincidunt,0.0385,venenatis,0.0385,id,0.0769,lacinia,0.0385,fringilla,0.0385,nec,0.0385,nibh,0.0385,eget,0.0385,nisl,0.0385,sed,0.0385,ac,0.0385,iaculis,0.0385,malesuada,0.0385,euismod,0.0385
quisque,porta,0.0952,dapibus,0.0952,a,0.0476,facilisis,0.0476,et,0.0476,ullamcorper,0.0476,eu,0.0476,vel,0.0476,sit,0.0476,bibendum,0.0476,imperdiet,0.0476,tempor,0.0476,ut,0.0476,nec,0.0952,ultrices,0.0476,vitae,0.0952,erat,0.0476
sagittis,nulla,0.0370,hendrerit,0.0370,posuere,0.0370,tellus,0.0370,diam,0.0741,congue,0.0370,bibendum,0.0370,justo,0.0741,nisi,0.0370,suscipit,0.0370,non,0.0370,nunc,0.0370,elit,0.0370,molestie,0.0370,.,0.0741,enim,0.0370,dolor,0.0370,vel,0.0370,sapien,0.0370,sem,0.0370,velit,0.0370,porttitor,0.0370,elementum,0.0370,condimentum,0.0370
consectetur,.,0.1481,sapien,0.0370,fermentum,0.0370,felis,0.0370,vitae,0.0370,id,0.0370,feugiat,0.0370,vel,0.0370,purus,0.0370,nunc,0.0370,eros,0.0370,eget,0.0370,pharetra,0.0370,ac,0.0370,adipiscing,0.0741,fringilla,0.0370,lorem,0.0370,justo,0.0370,leo,0.0370,et,0.0370,sem,0.0370,enim,0.0370,mattis,0.0370
nam,congue,0.0556,pretium,0.0556,porta,0.0556,convallis,0.0556,nunc,0.0556,at,0.1111,viverra,0.0556,vitae,0.1111,egestas,0.0556,eu,0.1111,odio,0.0556,est,0.0556,rutrum,0.0556,sed,0.0556,vel,0.0556
eleifend,enim,0.0588,quam,0.0588,augue,0.0588,nulla,0.1176,.,0.2353,tristique,0.0588,dolor,0.0588,porta,0.0588,at,0.0588,lobortis,0.1176,dui,0.0588,non,0.0588
euismod,accumsan,0.0769,condimentum,0.0769,vitae,0.0769,congue,0.0769,est,0.0769,fringilla,0.0769,.,0.0769,leo,0.0769,finibus,0.0769,quam,0.0769,nunc,0.0769,interdum,0.0769,id,0.0769
accumsan,orci,0.0833,felis,0.0833,libero,0.0833,enim,0.0833,quis,0.0833,.,0.1667,in,0.0833,rhoncus,0.0833,tortor,0.0833,nibh,0.0833,vestibulum,0.0833
curabitur,semper,0.0500,urna,0.0500,tempus,0.0500,a,0.0500,purus,0.0500,fringilla,0.0500,porta,0.0500,elementum,0.0500,laoreet,0.0500,scelerisque,0.0500,id,0.0500,quis,0.0500,at,0.0500,eget,0.0500,pharetra,0.0500,dapibus,0.0500,iaculis,0.0500,fermentum,0.0500,vitae,0.0500,non,0.0500
ornare,porttitor,0.0556,odio,0.0556,quam,0.0556,nibh,0.0556,ac,0.0556,mattis,0.0556,sit,0.0556,nisl,0.0556,venenatis,0.0556,dui,0.0556,malesuada,0.0556,.,0.1667,non,0.0556,fermentum,0.0556,pharetra,0.0556,nunc,0.0556
nibh,quam,0.0833,vitae,0.0833,.,0.1111,ut,0.1111,hendrerit,0.0278,eu,0.0556,rutrum,0.0278,nibh,0.0278,condimentum,0.0278,auctor,0.0278,lacus,0.0278,ac,0.0556,accumsan,0.0278,consequat,0.0278,ante,0.0278,rhoncus,0.0278,at,0.0278,diam,0.0278,libero,0.0278,massa,0.0278,bibendum,0.0278,aliquam,0.0278,in,0.0278,sapien,0.0278
mollis,non,0.0455,pellentesque,0.0455,tempor,0.0455,arcu,0.0455,.,0.1364,dignissim,0.0455,lorem,0.0455,vel,0.0455,maximus,0.0455,in,0.0455,elit,0.0455,lectus,0.0455,rutrum,0.0909,turpis,0.0455,leo,0.0455,diam,0.0455,nec,0.0455,tempus,0.0455,risus,0.0455
nunc,quis,0.0217,id,0.0652,vulputate,0.0217,eu,0.0217,.,0.1522,in,0.0217,dui,0.0435,massa,0.0217,risus,0.0217,non,0.0435,egestas,0.0217,ut,0.0217,nec,0.0217,tortor,0.0435,ultrices,0.0217,fermentum,0.0217,scelerisque,0.0217,sit,0.0435,nibh,0.0217,ullamcorper,0.0217,felis,0.0217,lacus,0.0217,ultricies,0.0435,purus,0.0217,commodo,0.0217,sed,0.0217,ornare,0.0217,condimentum,0.0217,a,0.0217,eget,0.0435,vel,0.0217,vestibulum,0.0217
proin,hendrerit,0.0625,pulvinar,0.0625,luctus,0.0625,tincidunt,0.0625,sollicitudin,0.0625,pharetra,0.0625,in,0.1250,et,0.0625,pretium,0.0625,sagittis,0.1250,nec,0.1250,blandit,0.0625,vulputate,0.0625
interdum,.,0.1364,hendrerit,0.0455,quam,0.0455,magna,0.0455,ex,0.0455,nunc,0.0455,lectus,0.0455,ante,0.0455,volutpat,0.0455,tincidunt,0.0455,et,0.0455,nisi,0.0455,nibh,0.0455,ornare,0.0455,orci,0.0455,ut,0.0455,non,0.0455,facilisis,0.0455,at,0.0455,porttitor,0.0455
praesent,accumsan,0.0556,pharetra,0.0556,semper,0.0556,ex,0.0556,vel,0.0556,quam,0.0556,euismod,0.0556,ultricies,0.0556,porttitor,0.0556,justo,0.0556,mattis,0.0556,ullamcorper,0.0556,leo,0.0556,ac,0.0556,tincidunt,0.0556,porta,0.0556,non,0.0556,pellentesque,0.0556
varius,.,0.1000,felis,0.0500,dapibus,0.0500,nulla,0.0500,facilisis,0.0500,ut,0.0500,lacus,0.0500,nisi,0.0500,blandit,0.0500,leo,0.0500,velit,0.0500,tristique,0.0500,tortor,0.0500,eget,0.0500,natoque,0.0500,purus,0.0500,metus,0.0500,dui,0.0500,urna,0.0500
aliquet,at,0.0714,.,0.0714,dui,0.0714,metus,0.0714,urna,0.0714,eleifend,0.0714,posuere,0.0714,in,0.0714,gravida,0.0714,rhoncus,0.0714,mollis,0.0714,magna,0.0714,eros,0.0714,quis,0.0714
habitant,morbi,1
senectus,et,1
netus,et,1
fames,ac,1
tellus,enim,0.0385,id,0.0769,.,0.1923,justo,0.0385,pretium,0.0385,dolor,0.0385,ultrices,0.0385,suscipit,0.0385,varius,0.0385,ligula,0.0385,vel,0.0769,et,0.0385,tincidunt,0.0385,ac,0.0385,scelerisque,0.0385,ut,0.0769,interdum,0.0385,blandit,0.0385,eu,0.0385
luctus,vel,0.0556,quam,0.0556,urna,0.0556,sem,0.0556,suscipit,0.0556,placerat,0.0556,.,0.2222,cursus,0.0556,a,0.1111,consectetur,0.0556,et,0.1111,mauris,0.0556,nibh,0.0556
vel,urna,0.0417,consequat,0.0208,ultrices,0.0208,tempus,0.0208,.,0.0625,posuere,0.0208,sollicitudin,0.0208,nisl,0.0417,ornare,0.0417,porta,0.0208,congue,0.0208,egestas,0.0208,maximus,0.0417,aliquam,0.0417,odio,0.0417,tincidunt,0.0208,efficitur,0.0208,semper,0.0208,dolor,0.0208,ullamcorper,0.0208,auctor,0.0208,pellentesque,0.0208,sagittis,0.0208,nunc,0.0417,faucibus,0.0417,aliquet,0.0208,fermentum,0.0208,ac,0.0208,cursus,0.0208,convallis,0.0208,molestie,0.0208,rutrum,0.0208,magna,0.0208,commodo,0.0208,laoreet,0.0208,varius,0.0208,pretium,0.0208,tempor,0.0208
maecenas,sit,0.0833,euismod,0.0833,laoreet,0.0833,dignissim,0.0833,lacinia,0.0833,congue,0.0833,feugiat,0.0833,fermentum,0.0833,magna,0.0833,eu,0.0833,consectetur,0.0833,finibus,0.0833
pretium,sagittis,0.0417,.,0.1667,ut,0.0833,non,0.0417,ultrices,0.0417,lorem,0.0417,quam,0.0833,et,0.0417,porta,0.0417,fermentum,0.0417,dui,0.0417,ac,0.0417,risus,0.0417,fringilla,0.0417,ex,0.0833,massa,0.0417,id,0.0417,dictum,0.0417
suscipit,venenatis,0.0714,lectus,0.0714,eget,0.0714,neque,0.0714,arcu,0.0714,elit,0.0714,nec,0.0714,.,0.0714,sapien,0.1429,scelerisque,0.0714,dapibus,0.0714,blandit,0.0714,velit,0.0714
elementum,nec,0.1000,maximus,0.0500,nisi,0.0500,ipsum,0.0500,bibendum,0.0500,erat,0.0500,purus,0.0500,metus,0.0500,dictum,0.0500,.,0.1000,eros,0.0500,porta,0.0500,neque,0.0500,dignissim,0.0500,nunc,0.0500,nibh,0.0500,velit,0.0500,pellentesque,0.0500
aenean,ac,0.0588,semper,0.0588,vulputate,0.0588,euismod,0.0588,vel,0.1176,laoreet,0.0588,dictum,0.0588,consequat,0.0588,libero,0.0588,nibh,0.1176,quis,0.0588,a,0.0588,dignissim,0.0588,ultrices,0.0588,id,0.0588
placerat,non,0.2000,odio,0.1000,lectus,0.1000,arcu,0.1000,augue,0.1000,pulvinar,0.1000,nec,0.1000,quam,0.1000,malesuada,0.1000
facilisis,at,0.1000,nisi,0.0500,eget,0.0500,ultrices,0.0500,dolor,0.0500,magna,0.0500,tellus,0.0500,id,0.0500,.,0.1000,ante,0.0500,pretium,0.0500,quam,0.0500,libero,0.0500,lacinia,0.0500,nec,0.0500,sem,0.0500,nisl,0.0500,lectus,0.0500
commodo,rutrum,0.0667,vitae,0.0667,libero,0.0667,purus,0.0667,consequat,0.0667,.,0.1333,sed,0.0667,metus,0.0667,leo,0.0667,mollis,0.0667,velit,0.0667,sagittis,0.0667,maximus,0.0667,magna,0.0667
lorem,venenatis,0.0417,blandit,0.0417,.,0.2500,ornare,0.0417,at,0.1250,in,0.0417,tellus,0.0417,luctus,0.0417,sollicitudin,0.0417,id,0.0417,a,0.0417,ipsum,0.0833,feugiat,0.0417,ultricies,0.0417,vel,0.0417,urna,0.0417
purus,malesuada,0.0357,a,0.0357,justo,0.0357,.,0.1429,augue,0.0357,quis,0.0714,vel,0.0357,non,0.0714,semper,0.0357,congue,0.0357,et,0.0714,diam,0.0357,metus,0.0357,sed,0.0714,lorem,0.0357,nec,0.0357,tellus,0.0357,efficitur,0.0357,sit,0.0714,pharetra,0.0357
scelerisque,in,0.0435,nibh,0.0435,vitae,0.0870,feugiat,0.0435,eros,0.0435,augue,0.0435,purus,0.0435,justo,0.0435,orci,0.0435,hendrerit,0.0435,lorem,0.0435,neque,0.0435,rutrum,0.0435,quam,0.0435,massa,0.0435,tortor,0.0870,.,0.0870,iaculis,0.0435,risus,0.0435,sollicitudin,0.0435
class,aptent,1
aptent,taciti,1
taciti,sociosqu,1
sociosqu,ad,1
ad,litora,1
litora,torquent,1
torquent,per,1
per,conubia,0.5000,inceptos,0.5000
conubia,nostra,1
nostra,per,1
inceptos,himenaeos,1
himenaeos,.,1
efficitur,id,0.0625,magna,0.0625,nec,0.0625,ultricies,0.0625,molestie,0.0625,iaculis,0.0625,.,0.0625,vulputate,0.0625,egestas,0.0625,metus,0.0625,hendrerit,0.0625,dui,0.0625,quam,0.0625,ac,0.0625,elementum,0.0625,scelerisque,0.0625
facilisi,.,1
potenti,.,1
primis,in,1
cubilia,curae,1
curae,praesent,0.5000,vivamus,0.5000
hac,habitasse,1
habitasse,platea,1
platea,dictumst,1
dictumst,.,1
adipiscing,elit,1
natoque,penatibus,1
penatibus,et,1
magnis,dis,1
dis,parturient,1
parturient,montes,1
montes,nascetur,1
nascetur,ridiculus,1
ridiculus,mus,1
mus,.,1
